method,circuits,macro_ideal_ratio_raw,macro_std_over_circuits,loss_rows,random_gate_fail,ideal_ratio_075_circuits
centrality_only,20,0.4300348133577396,0.2559763920382866,38,15,3
cone_centrality_proxy,20,0.5646749761375724,0.22846425994696584,35,8,4
equal_rank_fusion_static_cache_gnn,20,0.610273240285104,0.20120173859512555,32,6,3
max_visible_signal,20,0.5206166302873906,0.27059626632866374,34,10,3
observability_cone_proxy,20,0.7183043096482145,0.20762451355403078,17,5,6
rrf_static_cache_gnn,20,0.6107394861489881,0.17974910594225701,33,6,3
scoap_proxy,20,0.738807094364821,0.20211273070265307,7,4,11
structural_borda_no_gnn,20,0.6173277367039897,0.19355436885463756,31,8,3
