vector_seed,circuits,macro_ideal_ratio_raw,loss_rows,random_gate_fail
5089,20,0.8193192277393733,0,0
6089,20,0.8200823343310265,0,0
7089,20,0.8185153218856316,0,0
8089,20,0.8174214511759894,0,0
9089,20,0.8173462825421538,0,0
