source,method,budget,H_method,H_static,O,oracle_count_weighted_ideal_ratio,static_oracle_count_weighted_ratio,rows
epfl20_seed7089_128rv_main,segr_structure_derived_selector,0.05,1954938.0,1380042.0,2412643.0,0.8102889652551165,0.5720042293866104,20
epfl20_seed7089_128rv_main,segr_structure_derived_selector,0.1,3537609.0,2073823.0,4414693.0,0.8013261624307738,0.4697547485181869,20
epfl20_seed7089_128rv_main,segr_structure_derived_selector,0.2,5639681.0,3045338.0,7685130.0,0.7338432791637878,0.3962636936525472,20
